-- Adminer 4.7.6 MySQL dump

SET NAMES utf8;
SET time_zone = '+00:00';
SET foreign_key_checks = 0;
SET sql_mode = 'NO_AUTO_VALUE_ON_ZERO';

SET NAMES utf8mb4;

DROP DATABASE IF EXISTS `bureson1`;
CREATE DATABASE `bureson1` /*!40100 DEFAULT CHARACTER SET utf8mb4 COLLATE utf8mb4_0900_ai_ci */ /*!80016 DEFAULT ENCRYPTION='N' */;
USE `bureson1`;

DROP TABLE IF EXISTS `ingredients`;
CREATE TABLE `ingredients` (
  `ID` int NOT NULL AUTO_INCREMENT,
  `name` varchar(40) CHARACTER SET utf8 COLLATE utf8_bin NOT NULL,
  `quantity` varchar(40) CHARACTER SET utf8 COLLATE utf8_bin NOT NULL,
  `unit` varchar(40) CHARACTER SET utf8 COLLATE utf8_bin NOT NULL,
  PRIMARY KEY (`ID`)
) ENGINE=InnoDB AUTO_INCREMENT=304 DEFAULT CHARSET=utf8 COLLATE=utf8_bin;

INSERT INTO `ingredients` (`ID`, `name`, `quantity`, `unit`) VALUES
(101,	'rýže Arborio',	'1',	'hrnek'),
(102,	'Vývar',	'3',	'hrnky'),
(103,	'parmazán',	'podle',	''),
(104,	'cuketa',	'1',	''),
(105,	'Mouka',	'200',	'g'),
(106,	'Mléko',	'půl',	'litru'),
(107,	'Vajíčko',	'jedno',	''),
(108,	'Mouka',	'200',	'g'),
(109,	'Mléko',	'půl',	'litru'),
(110,	'Vajíčko',	'jedno',	''),
(111,	'Krupice',	'50',	'g'),
(112,	'Mléko',	'půl',	'litru'),
(117,	'Krupice',	'50',	'g'),
(118,	'Mléko',	'půl',	'litru'),
(119,	'Krupice',	'50',	'g'),
(120,	'Mléko',	'půl',	'litru'),
(121,	'Máslo',	'',	'lžíce'),
(122,	'Rajčatový protlak',	'1',	''),
(123,	'hladká mouka',	'',	'lžíce'),
(124,	'voda',	'0.5',	'litru'),
(125,	'Máslo',	'1',	'lžíce'),
(126,	'Rajčatový protlak',	'1',	''),
(127,	'hladká mouka',	'1',	'lžíce'),
(128,	'voda',	'0.5',	'litru'),
(129,	'Máslo',	'1',	'lžíce'),
(130,	'Rajčatový protlak',	'1',	''),
(131,	'hladká mouka',	'1',	'lžíce'),
(132,	'voda',	'0.5',	'litru'),
(133,	'Těstoviny',	'300',	'g'),
(134,	'sůl',	'špetka',	''),
(135,	'česnek',	'2',	'stroužky'),
(136,	'Olivový olej',	'podle',	''),
(137,	'cherry rajčata',	'15',	'kusů'),
(138,	'rukola',	'80',	'g'),
(139,	'pesto',	'podle',	''),
(140,	'Těstoviny',	'300',	'g'),
(141,	'sůl',	'špetka',	''),
(142,	'česnek',	'2',	'stroužky'),
(143,	'Olivový olej',	'podle',	''),
(144,	'cherry rajčata',	'15',	'kusů'),
(145,	'rukola',	'80',	'g'),
(146,	'pesto',	'podle',	''),
(147,	'Těstoviny',	'300',	'g'),
(148,	'sůl',	'špetka',	''),
(149,	'česnek',	'2',	'stroužky'),
(150,	'Olivový olej',	'podle',	''),
(151,	'cherry rajčata',	'15',	'kusů'),
(152,	'rukola',	'80',	'g'),
(153,	'pesto',	'podle',	''),
(154,	'Těstoviny',	'300',	'g'),
(155,	'sůl',	'špetka',	''),
(156,	'česnek',	'2',	'stroužky'),
(157,	'Olivový olej',	'podle',	''),
(158,	'cherry rajčata',	'15',	'kusů'),
(159,	'rukola',	'80',	'g'),
(160,	'pesto',	'podle',	''),
(167,	'Mouka  dvojnulka',	'200',	'g'),
(168,	'Mléko',	'půl',	'litr'),
(169,	'Vajíčko',	'1',	''),
(177,	'sáček se slepičí polívkou',	'1',	'kus'),
(178,	'voda',	'250',	'ml'),
(191,	'sáček se slepičí polívkou',	'1',	'kus'),
(192,	'voda',	'250',	'ml'),
(197,	'Krupice',	'50',	'g'),
(198,	'Mléko',	'půl',	'litru'),
(235,	'sáček se slepičí polívkou',	'1',	'kus'),
(236,	'voda',	'250',	'ml'),
(237,	'rýže Arborio',	'1',	'hrnek'),
(238,	'Vývar',	'3',	'hrnky'),
(239,	'parmazán',	'podle',	''),
(240,	'cuketa',	'1',	''),
(241,	'Mouka',	'200',	'g'),
(242,	'Mléko',	'půl',	'litru'),
(243,	'Vajíčko',	'jedno',	''),
(244,	'Mouka',	'200',	'g'),
(245,	'Mléko',	'půl',	'litru'),
(246,	'Vajíčko',	'jedno',	''),
(247,	'Krupice',	'50',	'g'),
(248,	'Mléko',	'půl',	'litru'),
(249,	'Krupice',	'50',	'g'),
(250,	'Mléko',	'půl',	'litru'),
(251,	'Krupice',	'50',	'g'),
(252,	'Mléko',	'půl',	'litru'),
(253,	'Krupice',	'50',	'g'),
(254,	'Mléko',	'půl',	'litru'),
(255,	'Máslo',	'',	'lžíce'),
(256,	'Rajčatový protlak',	'1',	''),
(257,	'hladká mouka',	'',	'lžíce'),
(258,	'voda',	'0.5',	'litru'),
(259,	'Máslo',	'1',	'lžíce'),
(260,	'Rajčatový protlak',	'1',	''),
(261,	'hladká mouka',	'1',	'lžíce'),
(262,	'voda',	'0.5',	'litru'),
(263,	'Máslo',	'1',	'lžíce'),
(264,	'Rajčatový protlak',	'1',	''),
(265,	'hladká mouka',	'1',	'lžíce'),
(266,	'voda',	'0.5',	'litru'),
(267,	'Těstoviny',	'300',	'g'),
(268,	'sůl',	'špetka',	''),
(269,	'česnek',	'2',	'stroužky'),
(270,	'Olivový olej',	'podle',	''),
(271,	'cherry rajčata',	'15',	'kusů'),
(272,	'rukola',	'80',	'g'),
(273,	'pesto',	'podle',	''),
(274,	'Těstoviny',	'300',	'g'),
(275,	'sůl',	'špetka',	''),
(276,	'česnek',	'2',	'stroužky'),
(277,	'Olivový olej',	'podle',	''),
(278,	'cherry rajčata',	'15',	'kusů'),
(279,	'rukola',	'80',	'g'),
(280,	'pesto',	'podle',	''),
(281,	'Těstoviny',	'300',	'g'),
(282,	'sůl',	'špetka',	''),
(283,	'česnek',	'2',	'stroužky'),
(284,	'Olivový olej',	'podle',	''),
(285,	'cherry rajčata',	'15',	'kusů'),
(286,	'rukola',	'80',	'g'),
(287,	'pesto',	'podle',	''),
(288,	'Těstoviny',	'300',	'g'),
(289,	'sůl',	'špetka',	''),
(290,	'česnek',	'2',	'stroužky'),
(291,	'Olivový olej',	'podle',	''),
(292,	'cherry rajčata',	'15',	'kusů'),
(293,	'rukola',	'80',	'g'),
(294,	'pesto',	'podle',	''),
(295,	'Mouka  dvojnulka',	'200',	'g'),
(296,	'Mléko',	'půl',	'litr'),
(297,	'Vajíčko',	'1',	''),
(298,	'sáček se slepičí polívkou',	'1',	'kus'),
(299,	'voda',	'250',	'ml'),
(300,	'sáček se slepičí polívkou',	'1',	'kus'),
(301,	'voda',	'250',	'ml'),
(302,	'sáček se slepičí polívkou',	'1',	'kus'),
(303,	'voda',	'250',	'ml');

DROP TABLE IF EXISTS `mealcategory`;
CREATE TABLE `mealcategory` (
  `ID` int NOT NULL AUTO_INCREMENT,
  `name` varchar(50) CHARACTER SET utf8 COLLATE utf8_bin NOT NULL,
  PRIMARY KEY (`ID`)
) ENGINE=InnoDB AUTO_INCREMENT=6 DEFAULT CHARSET=utf8 COLLATE=utf8_bin;

INSERT INTO `mealcategory` (`ID`, `name`) VALUES
(1,	'Předkrm'),
(2,	'Polévka'),
(3,	'Hlavní chod'),
(4,	'Dezert'),
(5,	'Svačina');

DROP TABLE IF EXISTS `origincountry`;
CREATE TABLE `origincountry` (
  `ID` int NOT NULL AUTO_INCREMENT,
  `name` varchar(50) CHARACTER SET utf8 COLLATE utf8_bin NOT NULL,
  PRIMARY KEY (`ID`)
) ENGINE=InnoDB AUTO_INCREMENT=7 DEFAULT CHARSET=utf8 COLLATE=utf8_bin;

INSERT INTO `origincountry` (`ID`, `name`) VALUES
(1,	'Nenznámá'),
(2,	'Česko'),
(3,	'Vietnam'),
(4,	'Itálie'),
(5,	'Maďarsko'),
(6,	'Španělsko');

DROP TABLE IF EXISTS `recipe_ingredients`;
CREATE TABLE `recipe_ingredients` (
  `ID` int NOT NULL AUTO_INCREMENT,
  `recipe_id` int NOT NULL,
  `ingredient_id` int NOT NULL,
  PRIMARY KEY (`ID`),
  KEY `recipe_id` (`recipe_id`),
  KEY `ingredient_id` (`ingredient_id`),
  CONSTRAINT `recipe_ingredients_ibfk_1` FOREIGN KEY (`recipe_id`) REFERENCES `recipes` (`ID`),
  CONSTRAINT `recipe_ingredients_ibfk_2` FOREIGN KEY (`ingredient_id`) REFERENCES `ingredients` (`ID`)
) ENGINE=InnoDB AUTO_INCREMENT=237 DEFAULT CHARSET=utf8 COLLATE=utf8_bin;

INSERT INTO `recipe_ingredients` (`ID`, `recipe_id`, `ingredient_id`) VALUES
(101,	2,	101),
(102,	2,	102),
(103,	2,	103),
(104,	2,	104),
(105,	3,	105),
(106,	3,	106),
(107,	3,	107),
(108,	4,	108),
(109,	4,	109),
(110,	4,	110),
(111,	5,	111),
(112,	5,	112),
(117,	7,	117),
(118,	7,	118),
(119,	8,	119),
(120,	8,	120),
(121,	9,	121),
(122,	9,	122),
(123,	9,	123),
(124,	9,	124),
(125,	10,	125),
(126,	10,	126),
(127,	10,	127),
(128,	10,	128),
(129,	11,	129),
(130,	11,	130),
(131,	11,	131),
(132,	11,	132),
(133,	12,	133),
(134,	12,	134),
(135,	12,	135),
(136,	12,	136),
(137,	12,	137),
(138,	12,	138),
(139,	12,	139),
(140,	13,	140),
(141,	13,	141),
(142,	13,	142),
(143,	13,	143),
(144,	13,	144),
(145,	13,	145),
(146,	13,	146),
(147,	14,	147),
(148,	14,	148),
(149,	14,	149),
(150,	14,	150),
(151,	14,	151),
(152,	14,	152),
(153,	14,	153),
(154,	15,	154),
(155,	15,	155),
(156,	15,	156),
(157,	15,	157),
(158,	15,	158),
(159,	15,	159),
(160,	15,	160),
(167,	1,	167),
(168,	1,	168),
(169,	1,	169),
(177,	23,	177),
(178,	23,	178),
(191,	21,	191),
(192,	21,	192),
(197,	6,	197),
(198,	6,	198),
(235,	22,	235),
(236,	22,	236);

DROP TABLE IF EXISTS `recipe_mealcategory`;
CREATE TABLE `recipe_mealcategory` (
  `ID` int NOT NULL AUTO_INCREMENT,
  `mealCategory_id` int NOT NULL,
  `recipe_id` int NOT NULL,
  PRIMARY KEY (`ID`),
  KEY `mealCategory_id` (`mealCategory_id`),
  KEY `recipe_id` (`recipe_id`),
  CONSTRAINT `recipe_mealcategory_ibfk_1` FOREIGN KEY (`mealCategory_id`) REFERENCES `mealcategory` (`ID`),
  CONSTRAINT `recipe_mealcategory_ibfk_2` FOREIGN KEY (`recipe_id`) REFERENCES `recipes` (`ID`)
) ENGINE=InnoDB AUTO_INCREMENT=129 DEFAULT CHARSET=utf8 COLLATE=utf8_bin;

INSERT INTO `recipe_mealcategory` (`ID`, `mealCategory_id`, `recipe_id`) VALUES
(58,	3,	2),
(59,	4,	3),
(60,	5,	3),
(61,	4,	4),
(62,	5,	4),
(63,	4,	5),
(64,	5,	5),
(70,	1,	7),
(71,	4,	7),
(72,	5,	7),
(73,	1,	8),
(74,	4,	8),
(75,	5,	8),
(76,	2,	9),
(77,	2,	10),
(78,	2,	11),
(79,	3,	12),
(80,	3,	13),
(81,	3,	14),
(82,	3,	15),
(86,	1,	1),
(87,	4,	1),
(88,	5,	1),
(94,	2,	23),
(101,	2,	21),
(107,	1,	6),
(108,	4,	6),
(109,	5,	6),
(128,	2,	22);

DROP TABLE IF EXISTS `recipes`;
CREATE TABLE `recipes` (
  `ID` int NOT NULL AUTO_INCREMENT,
  `name` varchar(40) CHARACTER SET utf8 COLLATE utf8_bin NOT NULL,
  `directions` varchar(1000) CHARACTER SET utf8 COLLATE utf8_bin NOT NULL,
  `date` date NOT NULL,
  `author_id` int DEFAULT NULL,
  `originCountry_id` int DEFAULT NULL,
  `imgUrl` varchar(1000) CHARACTER SET utf8 COLLATE utf8_bin DEFAULT NULL,
  PRIMARY KEY (`ID`),
  KEY `author_id` (`author_id`),
  CONSTRAINT `recipes_ibfk_1` FOREIGN KEY (`author_id`) REFERENCES `users` (`ID`)
) ENGINE=InnoDB AUTO_INCREMENT=25 DEFAULT CHARSET=utf8 COLLATE=utf8_bin;

INSERT INTO `recipes` (`ID`, `name`, `directions`, `date`, `author_id`, `originCountry_id`, `imgUrl`) VALUES
(1,	'Kouzelné palačinky',	'Vše dobře rozmícháme ponorným mixérem na hladkou hmotu. Postupně smažíme po obou stranách na pánvi. Doporučuji používat speciální pánev na palačinky s nízkým okrajem a nepřilnavým povrchem.',	'2021-01-03',	1,	1,	'Uploads/palacinky.jpg'),
(2,	'Italské rizoto',	'Vsypeme suchou rýži, mícháme, aby se všechna zrnka obalila tukem a povrch rýže zprůsvitněl. Ihned vlijeme bílé víno, promícháme a necháme vsáknout do rýže a odpařit alkohol, to by mělo zabrat 2 nebo 3 minuty. Začneme po naběračce přilévat vývar, jemně promícháme a necháme na středním výkonu zcela vstřebat do rýže, tento proces opakujeme, dokud není rýže al dente, tedy zhruba 20–30 minut. Jakmile rýže přestane absorbovat vývar a je na skus, odstavíme hrnec a vmícháme parmezán a zbytek másla. Dochutíme solí a pepřem. Servírujeme na ploché nahřáté talíře, posypané strouhaným parmezánem.',	'2021-01-03',	1,	4,	'Uploads/ItalskeRisoto.jpg'),
(3,	'Ondrovi roštácké palačinky',	'Vše dobře rozmícháme ponorným mixérem na hladkou hmotu. Postupně smažíme po obou stranách na pánvi. Doporučuji používat speciální pánev na palačinky s nízkým okrajem a nepřilnavým povrchem.',	'2021-01-03',	1,	1,	'Uploads/palacinky1.jpg'),
(4,	'Neobyčejné palačinky',	'Vše dobře rozmícháme ponorným mixérem na hladkou hmotu. Postupně smažíme po obou stranách na pánvi. Doporučuji používat speciální pánev na palačinky s nízkým okrajem a nepřilnavým povrchem.',	'2021-01-03',	1,	1,	'Uploads/palacinky2.jpg'),
(5,	'Krupicová kaše',	'Do hrnce nalijeme mléko a přivedeme k varu.\r\nPak přidáme sůl, cukr a za stálého míchání přisypeme krupici a 10 - 12 minut vaříme.\r\nPak dáme kaši na mísu, posypeme směsí cukru a skořice nebo grankem a polijeme rozpuštěným máslem.',	'2021-01-03',	1,	2,	'Uploads/krupicKase.jpg'),
(6,	'Krupicová kaše jako od babičky',	'Do hrnce nalijeme mléko a přivedeme k varu.\r\n\r\nPak přidáme sůl, cukr a za stálého míchání přisypeme krupici a 10 - 12 minut vaříme.\r\n\r\nPak dáme kaši na mísu, posypeme směsí cukru a skořice nebo grankem a polijeme rozpuštěným máslem.',	'2021-01-03',	1,	2,	'Uploads/krupicKase1.jpg'),
(7,	'Krupic Káša pro hladové',	'Do hrnce nalijeme mléko a přivedeme k varu.\r\nPak přidáme sůl, cukr a za stálého míchání přisypeme krupici a 10 - 12 minut vaříme.\r\nPak dáme kaši na mísu, posypeme směsí cukru a skořice nebo grankem a polijeme rozpuštěným máslem.',	'2021-01-03',	1,	2,	'Uploads/krupicKase2.jpg'),
(8,	'Krupicová kaše, která neurazí',	'Do hrnce nalijeme mléko a přivedeme k varu.\r\nPak přidáme sůl, cukr a za stálého míchání přisypeme krupici a 10 - 12 minut vaříme.\r\nPak dáme kaši na mísu, posypeme směsí cukru a skořice nebo grankem a polijeme rozpuštěným máslem.',	'2021-01-03',	1,	2,	'Uploads/krupicKase3.jpg'),
(9,	'Rajská polévka po Vietnamsku',	'V hrnci rozehřejeme máslo, zaprášíme hladkou moukou a připravíme světlou jíšku, kterou za stálého míchání zalijeme vodou. Vmícháme větší rajčatový protlak, osolíme a vaříme 15 minut.\r\n\r\nPolévku přivedeme k varu a vaříme 5 minut. Ochutíme podle potřeby.',	'2021-01-03',	1,	3,	'Uploads/RajskaPolevka.jpg'),
(10,	'Čertovská polévka',	'V hrnci rozehřejeme máslo, zaprášíme hladkou moukou a připravíme světlou jíšku, kterou za stálého míchání zalijeme vodou. Vmícháme větší rajčatový protlak, osolíme a vaříme 15 minut.\r\n\r\nPolévku přivedeme k varu a vaříme 5 minut. Ochutíme podle potřeby.',	'2021-01-03',	1,	5,	'Uploads/RajskaPolevka2.jpg'),
(11,	'Rajská polévka pro celou rodinu',	'V hrnci rozehřejeme máslo, zaprášíme hladkou moukou a připravíme světlou jíšku, kterou za stálého míchání zalijeme vodou. Vmícháme větší rajčatový protlak, osolíme a vaříme 15 minut.\r\n\r\nPolévku přivedeme k varu a vaříme 5 minut. Ochutíme podle potřeby.',	'2021-01-03',	1,	2,	'Uploads/RajskaPolevka3.jpg'),
(12,	'Těstoviny pro hladovou Káju',	'Těstoviny uvařte podle návodu na obalu. \r\nNa pánvi orestujte nadrobno nakrájený česnek, k němu přidejte na kostičky nakrájená cherry rajčata a nechte vše společně dusit.\r\nAž budou rajčata úplně rozvařená, pokrájejte na malé kousky sušená rajčata. Nasypte je do omáčky společně s rukolou a zamíchejte. Dochuťte čerstvě namletým pepřem.',	'2021-01-03',	1,	1,	'Uploads/testoviny.jpg'),
(13,	'Těstoviny pro nenasytné',	'Těstoviny uvařte podle návodu na obalu. \r\nNa pánvi orestujte nadrobno nakrájený česnek, k němu přidejte na kostičky nakrájená cherry rajčata a nechte vše společně dusit.\r\nAž budou rajčata úplně rozvařená, pokrájejte na malé kousky sušená rajčata. Nasypte je do omáčky společně s rukolou a zamíchejte. Dochuťte čerstvě namletým pepřem.',	'2021-01-03',	1,	6,	'Uploads/testoviny2.jpg'),
(14,	'Nejlepšáčtější Těstoviny',	'Těstoviny uvařte podle návodu na obalu. \r\nNa pánvi orestujte nadrobno nakrájený česnek, k němu přidejte na kostičky nakrájená cherry rajčata a nechte vše společně dusit.\r\nAž budou rajčata úplně rozvařená, pokrájejte na malé kousky sušená rajčata. Nasypte je do omáčky společně s rukolou a zamíchejte. Dochuťte čerstvě namletým pepřem.',	'2021-01-03',	1,	2,	'Uploads/testoviny3.jpg'),
(15,	'Těstoviny na rychlo',	'Těstoviny uvařte podle návodu na obalu. \r\nNa pánvi orestujte nadrobno nakrájený česnek, k němu přidejte na kostičky nakrájená cherry rajčata a nechte vše společně dusit.\r\nAž budou rajčata úplně rozvařená, pokrájejte na malé kousky sušená rajčata. Nasypte je do omáčky společně s rukolou a zamíchejte. Dochuťte čerstvě namletým pepřem.',	'2021-01-03',	1,	4,	'Uploads/testoviny4.jpg'),
(21,	'Slepičák z pytlíku 1',	'Sáček vysypeme do hrnku, zalejeme vodou a 5 minut mícháme.',	'2021-01-04',	1,	2,	'Uploads/pytlik.jpg'),
(22,	'Slepičák z pytlíku 2',	'Sáček vysypeme do hrnku, zalejeme vodou a 5 minut mícháme.\r\n\r\npak je hotovo',	'2021-01-04',	1,	2,	'Uploads/pytlik1.jpg'),
(23,	'gulášovka z pytle',	'Sáček vysypeme do hrnku, zalejeme vodou a 5 minut mícháme.',	'2021-01-04',	1,	2,	'Uploads/pytlik2.jpg');

DROP TABLE IF EXISTS `users`;
CREATE TABLE `users` (
  `ID` int NOT NULL AUTO_INCREMENT,
  `name` varchar(40) CHARACTER SET utf8 COLLATE utf8_bin NOT NULL,
  `lastname` varchar(40) CHARACTER SET utf8 COLLATE utf8_bin DEFAULT NULL,
  `email` varchar(40) CHARACTER SET utf8 COLLATE utf8_bin DEFAULT NULL,
  `username` varchar(40) CHARACTER SET utf8 COLLATE utf8_bin DEFAULT NULL,
  `password` varchar(100) CHARACTER SET utf8 COLLATE utf8_bin NOT NULL,
  `role` varchar(40) CHARACTER SET utf8 COLLATE utf8_bin DEFAULT NULL,
  PRIMARY KEY (`ID`)
) ENGINE=InnoDB AUTO_INCREMENT=12 DEFAULT CHARSET=utf8 COLLATE=utf8_bin;

INSERT INTO `users` (`ID`, `name`, `lastname`, `email`, `username`, `password`, `role`) VALUES
(1,	    'Ondřej',	'Bures',	    'bures.ondrej95@gmail.com',	'OBU5',	'$2y$10$0iLL8Kcdh43bSoKrYKT.l.LT1h963eD1zxDvEcxA3Wznfqrx1eAWG',	        'Admin'),
(2,	    'Karoína',	'Štrbová',	    'karolina101@outlook.cz',	'Koťulka101',	'$2y$10$/Z/GjSQOoW78nfw7UMwJbOHII2Ffsd972GMlW.rgtGiguNsTRCzKm',	'Regular user'),
(3,	    'Pepa',	    'Zdepa',	    'pepa@zwajede.cz',	        'Pepik1',	'$2y$10$Yi8uqF3w6S.ZQTJqoS4qWeidcSFDnmnTFfqcfmP0n/hXzID8SLq3m',	    'Regular user'),
(4,	    'Pepa',	    'Zdepa',	    'pepa@zwajede.cz',	        'Pepik2',	'$2y$10$5ZSNcvtppM0XkzsPovAoauZ62mBaj46wVyJ0f18ebkZdxlFmKIoF.',	    'Regular user'),
(5,	    'Pepa',	    'Zdepa',	    'pepa@zwajede.cz',	        'Pepik3',	'$2y$10$eTl2NL/TwIYvGfs4swxtJ.he5pzIX9WNSy7a9WndI9R2zUdKpBHMC',	    'Regular user'),
(6,	    'Pepa',	    'Zdepa',	    'pepa@zwajede.cz',	        'Pepik4',	'$2y$10$Wd8NieebXQBObGwApW3AFuu7niSnnKjumJHNABjd93pqqwiZ1D5BW',	    'Regular user'),
(7,	    'Pepa',	    'Zdepa',	    'pepa@zwajede.cz',	        'Pepik5',	'$2y$10$cC5EKet64jfmP8f/VLna5.84/sbQr5GHjQkkB7G2lA.HQfDyzSgFC',	    'Regular user'),
(8,	    'Pepa',	    'Zdepa',	    'pepa@zwajede.cz',	        'Pepik6',	'$2y$10$0SoEyggGPxDBTWbqkc70cejJnLPCyJybnLTZpU2DQn6YFpZ5lC9NK',	    'Regular user'),
(9,	    'Pepa',	    'Zdepa',	    'pepa@zwajede.cz',	        'Pepik7',	'$2y$10$EohicBicZxltmFUiOceZduFUEwvqWzBBBvIR6ZNb/fC3a2ghgx/Le',	    'Regular user'),
(10,	'Pepa',	    'Zdepa',	    'pepa@zwajede.cz',	        'Pepik8',	'$2y$10$6COiZt7SEYPXW6UBbbmH0OKX7kEoGqjProi/9ObQyh/TZC5TXAnYC',	    'Regular user'),
(11,	'Admin',	'Admin',	    'admin@zwajede.cz',	        'admin',	'$2y$10$1d84n3QXAZOjfjWr0YLPTu4g1BgCP5aO9gEOA7tnYGDCDiAaTYwDO',	    'Regular user');

-- 2021-01-04 19:52:55